id;commune;adresse;nomSitHist;nomSitUsa;gidSit;Y;X;typeProCh;typeProSi;formefut;materChem;etatChem;usHist;usActu;archiSite;amSiteA_D;ptcSite;etatSite;nomChem;batiIndus;ajoutCont;visAppre;visComm;hauteurPr;hauteurEs;archiChem;reconv;occup;infoHist;ptcSite;ptcChem;amSiteA;amSiteA_D;amChemA;amChemA_D;amSiteV;amSiteV_D;amChemV;amChemV_D;valSite;valSiteD;valChem;valChemD;region;pays;nbPhInd;nbPhSit;nbrChem
T1;TOURCOING;52 rue d'Amsterdam;Soci‚t‚ Blanche Porte;Blanche Porte;1;50.717755;3.135802;Priv‚;Priv‚;Rond;Briques;TrŠs bon et/ou r‚nov‚;Pas d'information;Encore quelques activit‚s, (DISPEO site secondaire - ferm‚ depuis 28/01/2017);Le site est compos‚ en grande partie par du bƒti industriel avec une fa‡ade de type m‚tallique. La structure pr‚sente une hauteur d'entrepot avec une seule partie affili‚e aux bureaux sur 3 ou 4 ‚tages.;Oui : Projet d'am‚nagement du site en quartier multifonctionnel;Aucune protection;TrŠs bon et/ou r‚nov‚;;;;;;;;;;;;;;;;;;;;;;;;;;;;0;0;
T2;TOURCOING;83 rue d'Amsterdam;Soci‚t‚ Lemaire;Ferreira;2;50.717845;3.133203;Priv‚;Priv‚;Rond;Briques;Assez bon;Carbonisage;En activit‚, soci‚t‚ de d‚molition, terrassement;Les bƒtiments ont une forme allong‚e horizontalement et pr‚sentent des caract‚ristiques des bƒtiments industriels du XIXŠme et XXŠme siŠcle auxquels la chemin‚e est rattach‚s.;Non;Aucune protection sur la chemin‚e - entreprise inscrite … l'inventaire g‚n‚ral du patrimoine culturel (1997);TrŠs bon et/ou r‚nov‚;;;;;;;;;;;;;;;;;;;;;;;;;;;;0;0;
T3;TOURCOING;43 rue de la Blanche Porte;Carbonisage A.DUPONT;Carbonisage A.DUPONT;3;50.716921;3.151849;Priv‚;Priv‚;Rond;Briques;Assez bon;Lavage laine;Hotel d'entreprises;La chemin‚e est accol‚e … un ensemble bƒti central datant de l'‚poque indutrielle. Le reste de la parcelle a connu quelques d‚molitions et est aujourd'hui utilis‚ comme zone de stockage et de stationnement en grande majorit‚ en plus des quelques bƒtiments restant en fond de cour.;Non : Le site est actuellement occup‚ par plusieurs PME;Aucune protection sur la chemin‚e - entreprise inscrite … l'inventaire g‚n‚ral du patrimoine culturel (1996);Assez bon;;;;;;;;;;;;;;;;;;;;;;;;;;;;0;0;
T4;TOURCOING;40 rue du Bus;Manufacture de tapis, Masure et fils;MASURE et fils;4;50.727831;3.160551;Priv‚ (… v‚rifier ?);Priv‚;Rond;Briques;TrŠs d‚t‚riori‚;Fabrication de tapis;Magasin de moquettes, Masure et Fils ;Le site est compos‚ de plusieurs formes de bƒti, indutriels et d'habitation datant pour une majorit‚ de l'‚poque industrielle pr‚sentant notamment des fa‡ades de briques rouges;Non : Le site est occup‚ par l'entreprise Masure Fils;Aucune protection sur la chemin‚e - entreprise inscrite … l'inventaire g‚n‚ral du patrimoine culturel (2000);Assez bon;;;;;;;;;;;;;;;;;;;;;;;;;;;;0;0;
T5;TOURCOING;12 rue Duguay-Trouin;Usine de laine;Soci‚t‚ MALIP;5;50.726443;3.171445;Priv‚;Priv‚;Rond;Briques;Assez bon;Lainage;MALIP (industrie plastique);Le bƒti pr‚sente une structure industrielle dominante. Cependant, une grande partie de l'ensemble industriel pr‚sent dans les ann‚es 1930 a ‚t‚ d‚truit au cours du siŠcle ne laissant actuellement que 1/4 du bƒti encore debout (bƒtiment concern‚ par la chemin‚e);Non : Le site est occup‚ par l'entreprise MALIP;Aucune protection;Assez bon;;;;;;;;;;;;;;;;;;;;;;;;;;;;0;0;
T6;TOURCOING;124 rue de l'EpidŠme ou 124bis rue de l'Epideme;Entreprise SIDLER - SENELAR;Senelar ou Latin Dance ou Zona Gloria;6;50.716231;3.171318;Priv‚;Priv‚;Rond;Briques;Assez bon;Baguettes dor‚es;Latin Danse (studio de danse);La morphologie du bƒti et la chemin‚e restent les mˆmes que celles de l'‚poque industrielle avec quelques d‚molitions de bƒtiments sur une partie de la parcelle. Celle qui est adjacente a quant … elle connu une d‚molition presque totale de son ‚crin industriel d'origine;Non : Bƒtiment occup‚ par le studio de danse Latin Dance;Aucune protection;Assez bon;;;;;;;;;;;;;;;;;;;;;;;;;;;;0;0;
T7;TOURCOING;100 rue de l'pine;Filature LEURENT;Manque d'information ;7;50.720671;3.175904;Priv‚;Priv‚;Rond;Briques;TrŠs bon et/ou r‚nov‚; Filature de coton;Centre de station de radio;Le bƒti environnant se compose d'habitations ouvriŠres de type maisons mitoyennes. Il y a ‚galement une partie pr‚sentant des bƒtiments industriels. DerriŠre cet ensemble s'est form‚ aujourd'hui un terrain vague innoccup‚ qui ‚tait, … l'‚poque industrielle, compos‚ de plusieurs structures industrielles.;Manque d'information;Aucune protection;D‚t‚riori‚;;;;;;;;;;;;;;;;;;;;;;;;;;;;0;0;
T8;TOURCOING;333 chauss‚e Fernand-Forest;Usine de tapis Jules FLIPO;tablissements Jules FLIPO;8;50.735395;3.148498;Priv‚;Priv‚;Rond;Briques;D‚t‚riori‚;Pas d'information;Flipo et Fils  (magasin de moquettes);La parcelle pr‚sente une structure industrielle dense qui date de l'‚poque industrielle. Il y a donc un important reste de l'‚crin industriel de cette p‚riode.;Non : Le site est occup‚ par l'entreprise en activit‚ Flipo et Fils (Cependant, elle est en cours de fermeture, ce qui est dommage car elle est consid‚r‚e comme une entreprise faisant partie du patrimoine vivant. C'est un projet de fermeture d‚finitive);Aucune protection;D‚t‚riori‚;;;;;;;;;;;;;;;;;;;;;;;;;;;;0;0;
T9;TOURCOING;49 avenue de la Fin de la Guerre;Teinturerie des Francs;Teinturerie des Francs;9;50.726411;3.148263;Public ? (Possiblement rachet‚ par la ville ? · v‚rifier);Priv‚;Rond;Briques;Assez bon;Teinturerie;Projet d'am‚nagement;La parcelle pr‚sente une friche urbaine o— un projet de construction voit actuellement le jour. L'ensemble de la parcelle a donc connu une d‚molition totale de l'ensemble de son bƒti industriel;Oui : Il y a un projet en cours pour la gendarmerie et police nationale ainsi que des logements (propri‚t‚ hybride et mixte mais … v‚rifier);Aucune protection;TrŠs d‚t‚riori‚;;;;;;;;;;;;;;;;;;;;;;;;;;;;0;0;
T10;TOURCOING;248 rue du G‚n‚ral Drouot;Usine textile Sion frŠres;Kallist‚ anciennement la Redoute;10;50.734505;3.189123;Priv‚;Priv‚;Rond;Briques;Assez bon;Peignage ;Kallist‚, groupe prenant (entreprise de marketing);La structure du bƒti est industrielle mais ce n'est pas celle d'origine puisqu'elle ne pr‚sente pas la mˆme morphologie. Les bƒtiments actuels ont une hauteur moyenne d'entrepot.;Non : Le site appartient … l'entreprise Kallist‚ (La totalit‚ du site ou partiellement ?);Aucune protection;Assez bon;;;;;;;;;;;;;;;;;;;;;;;;;;;;0;0;
T11;TOURCOING;169 chauss‚e Gramme / 23 rue de Toulon;Manque d'information;M‚tal + (M‚tallerie - Serrurerie);11;50.737424;3.163641;Priv‚;Priv‚;Rond;Briques;TrŠs bon et/ou r‚nov‚;Pas d'information;L'Entrepot (magasin) et Sanit service (magasin);La parcelle se compose d'un ensemble bƒti de type activit‚ industrielle qui s'accompagne d'un espace de stationnement en front de rue. ;Non : Le bƒtiment est actuellement occup‚ par deux magasins - L'Entrepot et Sanit Service;Aucune protection;Assez bon;;;;;;;;;;;;;;;;;;;;;;;;;;;;0;0;
T12;TOURCOING;93 rue de Guisnes;Retorderie L. et D. Dervaux;Anciens bureaux;12;50.723563;3.168839;Priv‚ (… v‚rifier);Priv‚ (… v‚rifier);Rond;Briques;D‚t‚riori‚;Retorderie;ELF (Eyes Lips Face);Le site a gard‚ une petite partie de l'‚crin bƒti de l'‚poque industrielle correspondant au bƒtiment adjacent … la chemin‚e. L'ensemble de l'environnement urbain a connu plusieurs changements depuis cette mˆme ‚poque notamment de nombreuses d‚molitions de bƒtiments industriels laissant place par exemple … la construction de logements collectifs.;? : Le site est … priori non occup‚ (propri‚t‚, occupation et projet … v‚rifier);Aucune protection;Assez bon;;;;;;;;;;;;;;;;;;;;;;;;;;;;0;0;
T13;TOURCOING;19 rue Henri Paris;Manque d'information;Soci‚t‚ PLASTISEM;13;50.720414;3.177232;Priv‚;Priv‚;Rond;Briques;D‚t‚riori‚;Pas d'information;PLASTISEM (industrie de plastique);Le bƒti est constitu‚ d'‚l‚ments industriels . L'arriŠre de la parcelle pr‚sente un terrain vague.;Non : Soci‚t‚ occup‚e par l'entreprise PLASTISEM;Aucune protection;D‚t‚riori‚;;;;;;;;;;;;;;;;;;;;;;;;;;;;0;0;
T14;TOURCOING;AccŠs 112 rue d'Hondschoote / La chemin‚e se trouve … l'angle de la rue de l'EpidŠme et de la rue des Bonnetiers;Filature LORIDANT;FRANCE CAKE TRADITION ;14;50.716299;3.171285;Priv‚;Priv‚;Rond;Briques;TrŠs bon et/ou r‚nov‚; Filature (coton);France Cake Tradition;Le site pr‚sente une morphologie diff‚rente des ann‚es 1930 mais reste tout de mˆme de type industriel. L'environnement a ‚galement fortement ‚volu‚. Le site pr‚sente actuellement deux structures bƒties principales et une zone de stationnement.;? : soci‚t‚ FILATURE LORIDANT SA a ‚t‚ radi‚e en d‚cembre 2014;Aucune protection;Assez bon;;;;;;;;;;;;;;;;;;;;;;;;;;;;0;0;
T15;TOURCOING;4 chauss‚e Marcelin Berthelot;Filature LUXOR;Vandenplas;15;50.723419;3.182775;Priv‚;Priv‚;Rond;Briques;D‚t‚riori‚;Filature ;Zone d'activit‚s;Le site est constitu‚ d'‚l‚ments industriels dont la chemin‚e . Autour, le tissu urbain pr‚sente ‚galement du bƒti industriel et de l'habitat ouvrier. La morphologie est rest‚e sensiblement la mˆme que celle de la p‚riode industrielle.;Non : Entreprise de cartonnage en activit‚;Aucune protection sur la chemin‚e - entreprise inscrite … l'inventaire g‚n‚ral du patrimoine culturel (1995);D‚t‚riori‚;;;;;;;;;;;;;;;;;;;;;;;;;;;;0;0;
T16;TOURCOING;111 chauss‚e Marcelin Berthelot;Filature LEPLAT et fils;KREABEL;16;50.726739;3.181973;Priv‚;Priv‚;Rond;Briques;Assez bon; Peignage ;Kreabel (entreprise de mobiliers);L'ensemble bƒti pr‚sente une architecture industrielle datant de cette ‚poque. Depuis cette p‚riode, un espace de stationnement a ‚t‚ am‚nag‚ … l'emplacement d'anciens bƒtiments d‚molis. L'environnement proche qui a ‚volu‚ depuis le XXŠme siŠcle se constitue de la mˆme typologie urbaine;Oui : Il y a une entreprise de mobilier (Kreabel) qui est actuellement en activit‚. Cependant, il y a un projet de restauration de la chemin‚e pour 2018 ;Aucune protection sur la chemin‚e - entreprise inscrite … l'inventaire g‚n‚ral du patrimoine culturel (1999);Assez bon;;;;;;;;;;;;;;;;;;;;;;;;;;;;0;0;
T17;TOURCOING;366 chauss‚e Marcelin Berthelot;Filature CAULLIEZ frŠres;CAULLIEZ FrŠres;17;50.729711;3.185858;Priv‚;Priv‚;Rond;Briques;TrŠs bon et/ou r‚nov‚;Filature;Mayafil, commerce pour homme;Le site est en grande partie une friche, il ne reste que quelques ‚l‚ments industriels dont la chemin‚e, son bƒtiment proche et un autre ensemble. Le bƒtiment principal que l'on pouvait apercevoir en 1932 a disparu.;Oui : Projet de reconversion du site pour le transformer en surface commercial;Aucune protection sur la chemin‚e - entreprise inscrite … l'inventaire g‚n‚ral du patrimoine culturel (1997);D‚t‚riori‚;;;;;;;;;;;;;;;;;;;;;;;;;;;;0;0;
T18;TOURCOING;156 chauss‚e Pierre Curie;Usine Louis LEPOUTRE;Blanche Porte;18;50.735659;3.177159;Priv‚;Priv‚;Rond;Briques simples et briques ‚maill‚s (usine);D‚t‚riori‚;Peignage - filature - tissage ;2002 : lieu de stockage pour les 3 suisses;La parcelle comprend un ensemble industriel qui a gard‚ une grande coh‚rence avec celui de la p‚riode industrielle. Le site et son environnement proche ont connu peu de changement.;Oui : Une entreprise en activit‚ et un projet de reconversion pour le site ;Aucune protection sur la chemin‚e - Une partie du site est inscrite aux Monuments Historiques (2000);D‚t‚riori‚;;;;;;;;;;;;;;;;;;;;;;;;;;;;0;0;
T19;TOURCOING;31 rue de Renaix;tablissement CHRISTORY & Cie;CollŠge ROUSSEL;19;50.722965;3.168122;Public (Appartient au d‚partement);Public (Appartient au d‚partement);Rond;Briques;TrŠs bon et/ou r‚nov‚;Lainage;CollŠge Roussel - m‚diathŠque Chedid;La parcelle est actuellement occup‚e par un ensemble scolaire, le collŠge Roussel. Le site comprend donc plusieurs bƒtiments d'une hauteur de 3 … 4 ‚tages et d'une cour. L'ensemble bƒti ne correspond plus … celui de la p‚riode industrielle, seule la chemin‚e a ‚t‚ gard‚e et int‚gr‚e au projet de construction.;Non : Il y a eu un projet non r‚alis‚ de 1% artistique sur la chemin‚e;Aucune protection sur la chemin‚e - entreprise inscrite … l'inventaire g‚n‚ral du patrimoine culturel (1995);Assez bon;;;;;;;;;;;;;;;;;;;;;;;;;;;;0;0;
T20;TOURCOING;125 rue de Roncq;MOULIN et VERNIER, manufacture de tapis;L'ALBATROS;20;50.732859;3.147117;Priv‚;Priv‚;Rond;Briques;TrŠs bon et/ou r‚nov‚;Manufacture de tapis;Loft et commerce;La parcelle a fait l'objet d'un projet d'am‚nagement il y a peu de temps afin de construire un ensemble de logements collectifs. Le site n'a gard‚ que la chemin‚e comme trace industrielle qui a ‚t‚ prise en compte dans ce r‚am‚nagement urbain.;Non : Il y a des logements;Aucune protection;Assez bon;;;;;;;;;;;;;;;;;;;;;;;;;;;;0;0;
T21;TOURCOING;125ter rue de Roncq;Manque d'information;DEWILDE;21;50.732998;3.145920;Priv‚;Priv‚;Rond;Briques;Assez bon;Pas d'information;Dewilde (fabricant);Le site actuel se compose d'un ensemble de bƒtiments industriels de type entrepot.;Non : Pr‚sence d'une entreprise;Aucune protection sur la chemin‚e - entreprise inscrite … l'inventaire g‚n‚ral du patrimoine culturel (1999);TrŠs bon et/ou r‚nov‚;;;;;;;;;;;;;;;;;;;;;;;;;;;;0;0;
T22;TOURCOING;157 rue de Roubaix;Usine de pr‚paration de produits textiles (peignage de laine) Binet. Puis devenu Peignage de la Toss‚;LA TOSSE;22;50.709905;3.169174;Public (V‚rifier si la propri‚t‚ n'est pas mixte);Public (V‚rifier si la propri‚t‚ n'est pas mixte);Rond;Briques;TrŠs bon et/ou r‚nov‚;Peignage ;Projet d'am‚nagement;Les bƒtiments pr‚sentent plusieurs activit‚s : magasin industriel, atelier de conditionnement, atelier de fabrication, station d'‚puration, station de pompage, bureau, conciergerie, cour, chemin‚e d'usine, salle des machines, r‚servoir industriel;Oui : La zone de l'union en plein d‚veloppement;Aucune protection sur la chemin‚e - entreprise inscrite … l'inventaire g‚n‚ral du patrimoine culturel (1997);D‚t‚riori‚;;;;;;;;;;;;;;;;;;;;;;;;;;;;0;0;
T23;TOURCOING;20 rue Saint-Eloi;Usine Triconor;Pole d'activit‚;23;50.713641;3.163885;Priv‚;Priv‚;Rond;Briques;Assez bon;Pas d'information;Hotel d'entreprises, pole sant‚ et lofts;La parcelle est compos‚e de plusieurs bƒtiments, d'une hauteur moyenne correspondant … 2 ‚tages et datant pour la plupart de l'‚poque industrielle. ;Non : Pr‚sence de logements de type loft;Aucune protection;D‚t‚riori‚;;;;;;;;;;;;;;;;;;;;;;;;;;;;0;0;
T24;TOURCOING;23 rue Soufflot;Verrerie;La Verrerie Soufflot;24;50.718820;3.168233;Priv‚;Priv‚;Rond;Briques;Assez bon;Pas d'information;Lofts principalement;Le bƒtiment principal pr‚sent a ‚t‚ r‚nov‚ mais la fa‡ade d'origine a ‚t‚ gard‚e en front de rue. L'ensemble pr‚sente une hauteur d'environ 3 … 4 ‚tages et est caract‚ristique d'une architecture industrielle.;Non : Elle a fait l'objet d'une reconversion r‚cente;Aucune protection;TrŠs bon et/ou r‚nov‚;;;;;;;;;;;;;;;;;;;;;;;;;;;;0;0;
T25;TOURCOING;221 ter rue du Tilleul;Filature HAEFFELY;Hotel d'entreprises ;25;50.716774;3.175560;Priv‚;Priv‚;Rond;Briques;D‚t‚riori‚;Filature;Hotel d'entreprises, SARL Fantasie Kebab;Le site se compose de plusieurs bƒtiments industriels et de la chemin‚e d'usine. L'environnement proche pr‚sente un terrain de sport et des habitations.;Manque d'information;Aucune protection;Assez bon;;;;;;;;;;;;;;;;;;;;;;;;;;;;0;0;
T26;TOURCOING;92 rue du Touquet;tablissement LEURENT;92 la Filature ;26;50.721927;3.175957;Priv‚;Priv‚;Rond;Briques;D‚t‚riori‚;Filature ;Lofts;Plusieurs bƒtiments industriels sont pr‚sents sur la parcelle. Ces bƒtiments datent de la p‚riode industrielle puisqu'ils sont visibles sur la vue a‚rienne de 1932. L'ensemble bƒti n'a alors pas connu de grands changements. Son environnement urbain a, quant … lui, subit quelques boulversements tels que la d‚molition de bƒtiments industriels.;Non : Des bƒtiments actuellement … vocation commerciale (La Redoute, Verbaudet, La Blanche Porte?) mais ‚galement des lofts rue Lafayette, les Bobillofts;Aucune protection sur la chemin‚e - entreprise inscrite … l'inventaire g‚n‚ral du patrimoine culturel (1999);TrŠs bon et/ou r‚nov‚;;;;;;;;;;;;;;;;;;;;;;;;;;;;0;0;
R1;ROUBAIX;228 rue Alfred - Motte;Usine MOTTE- BOSSUT;L'Usine ;27;50.675439;3.197133;Priv‚;Priv‚;Rond;Briques;D‚t‚riori‚;Teinturerie;Centre commercial;Le site est occup‚ actuellement par une grande surface commerciale et pr‚sente des ‚l‚ments bƒtis semblables … ceux de la p‚riode d'activit‚ industrielle de l'usine. On retrouve encore les sheds et des bƒtiments centraux. L'ensemble du bƒti urbain avoisinant le site a connu une trŠs grande ‚volution.;Oui - restauration et recouronnement;Sites Patrimoniaux Remarquables;TrŠs bon et/ou r‚nov‚;;;;;;;;;;;;;;;;;;;;;;;;;;;;0;0;
R2;ROUBAIX;121 rue d'Alger;Usine de produits lessiviers;Usine de produits lessiviers;28;50.70083;3.191709;Priv‚;Priv‚;Rond;Briques;D‚t‚riori‚;Huilerie;Friches et Squat;Le bƒti est constitu‚ d'‚l‚ments industriels. La morphologie actuelle du site est rest‚e fortement identique … celle de la p‚riode industrielle.;Non;Sites Patrimoniaux Remarquables;D‚t‚riori‚;;;;;;;;;;;;;;;;;;;;;;;;;;;;0;0;
R3;ROUBAIX;121 rue d'Alger;Usine de produits lessiviers;Usine de produits lessiviers;28;50.700164;3.192018;Priv‚;Priv‚;Rond;Briques;D‚t‚riori‚;Huilerie;Friches et Squat;Le bƒti est constitu‚ d'‚l‚ments industriels. La morphologie actuelle du site est rest‚e fortement identique … celle de la p‚riode industrielle.;Non;Sites Patrimoniaux Remarquables;D‚t‚riori‚;;;;;;;;;;;;;;;;;;;;;;;;;;;;0;0;
R4;ROUBAIX;139 rue des Arts;Tissage Fran‡ois Roussel PŠre;Site Roussel Art's Entreprise;29;50.689043;3.161992;Priv‚;Priv‚;Rond;Briques;Assez bon;Tissage ;Hotel d'entreprises;Le site est constitu‚ d'un ensemble industriel pr‚sentant des similitudes … celui de la p‚riode industrielle. Le site a alors connu peu de changement.;Non : Site reconverti en hotel d'entreprises;Sites Patrimoniaux Remarquables;TrŠs bon et/ou r‚nov‚;;;;;;;;;;;;;;;;;;;;;;;;;;;;0;0;
R5;ROUBAIX;15 rue Copernic;Brasserie de l'union St-Armand;Teinturerie du Pile;30;50.688024;3.191126;Public;Public;Rond;Briques;TrŠs bon et/ou r‚nov‚;Brasserie;Chemin‚e isol‚e;Actuellement le site est en reconversion, se pr‚sentant alors comme une friche en chantier. La chemin‚e reste le seul ‚l‚ment industriel qui n'a pas ‚t‚ d‚moli. Elle est ‚galement int‚gr‚e au projet de r‚am‚nagement de la parcelle.;Oui : r‚alisation du Parc de la Teinturerie;Sites Patrimoniaux Remarquables;TrŠs d‚t‚riori‚;;;;;;;;;;;;;;;;;;;;;;;;;;;;0;0;
R6;ROUBAIX;54-56 rue Dampierre;Usine Vve Debuigne et fils;Usine … Wassingues;31;50.690158;3.197091;SEM Ville Renouvel‚e (… v‚rifier);SEM Ville Renouvel‚e (… v‚rifier);Rond;Briques;TrŠs bon et/ou r‚nov‚;Lainage;Friche;La parcelle est une friche. Il ne reste actuellement que la chemin‚e de l'Šre industrielle;Oui : Un projet est en cours en rapport avec Lille Capitale du Design : Forˆt comestible;Sites Patrimoniaux Remarquables;TrŠs d‚t‚riori‚;;;;;;;;;;;;;;;;;;;;;;;;;;;;0;0;
R7;ROUBAIX;202-220 rue Daubenton;La Savonnerie;Logements collectifs rue Daubenton;32;50.702684;3.183931;Priv‚;Priv‚;Rond;Briques;Assez bon;Pas d'information;Logements collectifs ;Le site a fait l'objet d'un projet d'am‚nagement o— des ensembles de logements collectifs ont ‚t‚ construits. La chemin‚e est alors le seul ‚l‚ment industriel de la parcelle. De plus, la chemin‚e a ‚t‚ coup‚e … quelques mŠtres du sol et la partie haute a ‚t‚ pos‚e au sol.;Possible projet de valorisation ainsi que de r‚‚rection de la chemin‚e (… v‚rifier);Sites Patrimoniaux Remarquables;TrŠs bon et/ou r‚nov‚;;;;;;;;;;;;;;;;;;;;;;;;;;;;0;0;
R8;ROUBAIX;118 rue Decrˆme;Tissage d'ameublement CARISSIMO;Factory ;33;50.686112;3.183178;Priv‚;Priv‚;Rond;Briques;TrŠs bon et/ou r‚nov‚;Tissage;Lofts;Le site est compos‚ d'une partie industrielle datant de la p‚riode industrielle. Il a fait l'objet de quelques changements depuis cette ‚poque puisqu'une partie a ‚t‚ d‚molie et transform‚e en un ensemble de logements.;Non : D‚j… reconverti;Sites Patrimoniaux Remarquables;TrŠs bon et/ou r‚nov‚;;;;;;;;;;;;;;;;;;;;;;;;;;;;0;0;
R9;ROUBAIX;15 rue de l'Esp‚rance;Tissage Peucelle et Cie;Tissage PEUCELLE-FLORIN;34;50.692803;3.168789;Priv‚;Priv‚;Rond;Briques;Assez bon;Tissage;Fabrication de tissus pour l'habillement;Le bƒti pr‚sente une similitude avec l'ensemble industriel de l'‚poque industrielle. Le site a cependant connu quelques changements notamment de d‚molition et de reconversion.;Non : Site en activit‚;Sites Patrimoniaux Remarquables;Assez bon;;;;;;;;;;;;;;;;;;;;;;;;;;;;0;0;
R10;ROUBAIX;23 rue de l'Esp‚rance;Tissage Desbonnets et fils;Entr‚e Mus‚e de La Piscine;35;50.692905;3.167508;Public;Public;Rond;Briques;D‚t‚riori‚;Lainage;Mus‚e : La Piscine de Roubaix;Le site est occup‚ par le mus‚e de La Piscine de Roubaix. Le bƒti industriel a ‚t‚ conserv‚ dans son ensemble.;Non : D‚j… restaur‚;Sites Patrimoniaux Remarquables;TrŠs bon et/ou r‚nov‚;;;;;;;;;;;;;;;;;;;;;;;;;;;;0;0;
R11;ROUBAIX;84 avenue de la Fosse-aux-Chˆnes;Draperies TERNYNCK FrŠres;Soci‚t‚ TISSEL;36;50.698256;3.175986;Priv‚;Priv‚;Rond;Briques;Assez bon;Filature;Fabrication de tissus en gros (Entreprise Tissel);La morphologie du bƒti se compose d'un ensemble industriel avec la pr‚sence importante de shed, elle est senblement pareille que celle de la p‚riode industrielle.;Non;Sites Patrimoniaux Remarquables;Assez bon;;;;;;;;;;;;;;;;;;;;;;;;;;;;0;0;
R12;ROUBAIX;48-50 rue du G‚n‚ral Chanzy;Usine CAVROIS-MAHIEU / Usine LEBAUFIL;40 Latitude Nord;37;50.685245;3.175208;Priv‚;Priv‚;Rond;Briques;Assez bon;Filature ;Lofts;Le site est compos‚ d'une partie bƒtie de type industriel ayant ‚t‚ r‚habilit‚e et ‚galement d'une partie parking. L'‚crin bƒti de la p‚riode industrielle a alors eu quelques modifications, notamment … l'‚chelle de l'Œlot.;Non : D‚j… transform‚ avec la pr‚sence d'antennes relais;Sites Patrimoniaux Remarquables;TrŠs bon et/ou r‚nov‚;;;;;;;;;;;;;;;;;;;;;;;;;;;;0;0;
R13;ROUBAIX;78 boulevard du G‚n‚ral Leclerc;Filature Motte-Bossut;Archives Nationales du Monde du Travail;38;50.689696;3.178282;Public;Public;Rond;Briques;TrŠs bon et/ou r‚nov‚;Filature ;Centre de stockage et de consultation d'archives nationales;Le bƒtiment pr‚sent date de l'‚poque industrielle et a ‚t‚ r‚am‚nag‚ pour accueillir les archives nationales du monde du travail. Le bƒtiment s'‚lŠve sur plusieurs ‚tages (6 … 7 niveaux au total) avec une architecture int‚ressante.;Non : D‚j… reconverti et valoris‚;Site patrimonial remarquable -Ensemble du site inscrit aux MH (1978);TrŠs bon et/ou r‚nov‚;;;;;;;;;;;;;;;;;;;;;;;;;;;;0;0;
R14;ROUBAIX;44 rue Hoche;Brasserie Coop‚rative du Pile;Brasserie Coop‚rative du pile;39;50.688265;3.197834;Priv‚;Priv‚;Rond;Briques;Assez bon;Brasserie;Pas d'informations;Le site est occup‚ dans son ensemble par des ‚l‚ments bƒtis, pr‚sentant pour certains des caract‚ristiques industriels et pour d'autres une typologie d'habitat. Le site a connu quelques changements depuis la p‚riode industrielle avec des transformations partielles;Site … l'abandon (… v‚rifier);Sites Patrimoniaux Remarquables - Site inscrit … l'Inventaire G‚n‚ral du Patrimoine Culturel (1991);D‚t‚riori‚;;;;;;;;;;;;;;;;;;;;;;;;;;;;0;0;
R15;ROUBAIX;72 rue de l'Industrie;Teinturerie STUBBE;AFJ m‚tallerie;40;50.687566;3.165396;Priv‚;Priv‚;Rond;Briques;D‚t‚riori‚;Teinturerie;AFJ M‚tallerie, Travaux de menuiserie m‚tallique et serrurerie;La parcelle est constitu‚e de plusieurs ensembles bƒtis. Les ensembles industriels actuels datent partiellement de l'‚poque industrielle. Le site a alors connu quelques transformations au niveau du bƒti;Non;Sites Patrimoniaux Remarquables;Assez bon;;;;;;;;;;;;;;;;;;;;;;;;;;;;0;0;
R16;ROUBAIX;120 rue d'Isly;Teinturerie ROSSEL MOTTE;La Teinturerie ;41;50.685056;3.161547;Priv‚;Priv‚;Rond;Briques;Assez bon;Teinturerie;Lofts commerciaux en reconversion;Les bƒtiments sont de type industriel avec un ensemble d'usine/entrepot et un ensemble de logements mitoyens sur le cot‚ de la parcelle.;Possible projet de galerie, etc. (… v‚rifier);Sites Patrimoniaux Remarquables;TrŠs bon et/ou r‚nov‚;;;;;;;;;;;;;;;;;;;;;;;;;;;;0;0;
R17;ROUBAIX;173 rue Jules Guesde;Usine DEGRAVE et PROUVOST;Hutchinson - le joint fran‡ais;42;50.685624;3.185039;Priv‚;Priv‚;Rond;Briques;Assez bon;Fabrique de caoutchouc;Entreprise Hutchinson, industrie sp‚cialis‚e dans le caoutchouc;Le bƒti est constitu‚ d'‚lŠments industriels. Les bƒtiments pr‚sentent un enchainement de sheds. La morphologie bƒtie reste pratiquement la mˆme que celle de la p‚riode industrielle.;Non : Soci‚t‚ toujours en activit‚;Sites Patrimoniaux Remarquables;Assez bon;;;;;;;;;;;;;;;;;;;;;;;;;;;;0;0;
R18;ROUBAIX;20 avenue Julien - Lagache;Hopital de la Fraternit‚;Hopital de la Fraternit‚;43;50.682165;3.196314;Public;Public;Rond;Briques;TrŠs bon et/ou r‚nov‚;Hopital;Hopital ;Le site abrite l'hopital de la Fraternit‚ avec plusieurs ensembles bƒtis dont certains de l'‚poque industrielle. La chemin‚e est l'un des restes de ces ‚l‚ments industriels;Non : Soci‚t‚ en activit‚;Sites Patrimoniaux Remarquables;TrŠs bon et/ou r‚nov‚;;;;;;;;;;;;;;;;;;;;;;;;;;;;0;0;
R19;ROUBAIX;21 rue de Lorraine;Retorderie LESUR; Friche ;44;50.698155;3.16216;Priv‚;Priv‚;Rond;Briques;D‚t‚riori‚;Retorderie;Friche ;La parcelle se compose actuellement d'une partie bƒtie et d'une partie en friche. La morphologie bƒtie pr‚sente en 1930 a fortement ‚volu‚e.;Manque d'information;Sites Patrimoniaux Remarquables;TrŠs d‚t‚riori‚;;;;;;;;;;;;;;;;;;;;;;;;;;;;0;0;
R20;ROUBAIX;2 all‚e Louise et Victor Champier;ENSAIT;ENSAIT;45;50.694844;3.168305;Public;Public;Rond;Briques;TrŠs bon et/ou r‚nov‚;ENSAIT;cole National Sup‚rieure des Arts et Industries Textiles (Ensait);Le site pr‚sente l'ENSAIT, ‚cole qui est localis‚e dans un ensemble bƒti constitu‚ d'‚l‚ments industriels. La structure reste sensiblement la mˆme que celle du XXŠme sicŠle.;Non;Sites Patrimoniaux Remarquables - Ensemble du site (pas la chemin‚e) inscrit aux Monuments Historiques (1992);TrŠs bon et/ou r‚nov‚;;;;;;;;;;;;;;;;;;;;;;;;;;;;0;0;
R21;ROUBAIX;13 rue de la Mackellerie;Retorderie LERUSTE;Retorderie LERUSTE;46;50.693975;3.155514;Priv‚;Priv‚;Rond;Briques;Assez bon;Retorderie;Entreprise toujours en activit‚;Le cadre est constitu‚ d'‚l‚ments industriels. Cependant, ces ensembles ne correspondent pas … ceux pr‚sents en 1930 qui ‚taient constitu‚s de larges bƒtiments avec des sheds.;Non;Sites Patrimoniaux Remarquables;D‚t‚riori‚;;;;;;;;;;;;;;;;;;;;;;;;;;;;0;0;
R22;ROUBAIX;4 rue Mascara;Teinturerie BROWAEYS;Usine MASCARA;47;50.698304;3.195525;Priv‚;Priv‚;Rond;Briques;Assez bon;Teinturerie;Friche;Le site pr‚sent est un site industriel datant de la p‚riode industrielle. Cependant le site est actuellement une friche industrielle.;Non - Usine mascara ferm‚e en 2013;Sites Patrimoniaux Remarquables;D‚t‚riori‚;;;;;;;;;;;;;;;;;;;;;;;;;;;;0;0;
R23;ROUBAIX;22 rue MoliŠre;Usine Alfred Motte fils;TRATO TLV;48;50.689603;3.200701;Priv‚;Priv‚;Rond;Briques;TrŠs bon et/ou r‚nov‚;Fabrique de Guipures;Entreprise TRATO, Fabrication d'appareils d'‚clairage ‚lectrique;La parcelle contient un ensemble industriel datant de la p‚riode industrielle puisqu'il pr‚sente actuellement d'importantes similitudes avec le bƒti de 1932. Le bƒtiment est compos‚ de toits en sheds, caract‚ristique de cette ‚poque industrielle. ;Non : Soci‚t‚ toujours en activit‚;Sites Patrimoniaux Remarquables;TrŠs bon et/ou r‚nov‚;;;;;;;;;;;;;;;;;;;;;;;;;;;;0;0;
R24;ROUBAIX;117 rue Montgolfier;Usine CAVROIS - MAHIEU;Hotel d'entreprises CAVROIS - MAHIEU;49;50.682139;3.187369;Priv‚;Priv‚;Rond;Briques;TrŠs bon et/ou r‚nov‚;Filature, Tissage ;Hotel d'entreprises;Le bƒti actuel pr‚sente un ensemble industriel conserv‚ et datant de l'‚poque industrielle. Il pr‚sente ‚galement des caract‚ristiques fortes de cette p‚riode notamment par son toit en shed et ses dimensions imposantes du point de vue horizontal et ‚galement vertical avec les deux chemin‚es;Non;Sites Patrimoniaux Remarquables;TrŠs bon et/ou r‚nov‚;;;;;;;;;;;;;;;;;;;;;;;;;;;;0;0;
R25;ROUBAIX;117 rue Montgolfier;Usine CAVROIS - MAHIEU;Hotel d'entreprises CAVROIS - MAHIEU;49;50.682137;3.186779;Priv‚;Priv‚;Rond;Briques;TrŠs bon et/ou r‚nov‚;Filature, Tissage ;Hotel d'entreprises;Le bƒti actuel pr‚sente un ensemble industriel conserv‚ et datant de l'‚poque industrielle. Il pr‚sente ‚galement des caract‚ristiques fortes de cette p‚riode notamment par son toit en shed et ses dimensions imposantes du point de vue horizontal et ‚galement vertical avec les deux chemin‚es;Non;Sites Patrimoniaux Remarquables;TrŠs bon et/ou r‚nov‚;;;;;;;;;;;;;;;;;;;;;;;;;;;;0;0;
R26;ROUBAIX;8 rue Mouvaux;Tannerie Corroierie POULLET-DEMEESTERE;Tannerie Corroierie POULLET-DEMEESTERE;50;50.693748;3.160959;SEM Ville Renouvel‚e (… v‚rifier);SEM Ville Renouvel‚e (… v‚rifier);Carr‚;Briques;D‚t‚riori‚;Tannerie;Entreprise de tannerie Corroierie E. Poullet-DemeestŠre ;Le site se pr‚sente comme une friche partiellement am‚nag‚e avec l'installation de jeux pour enfants et d'un espace de stationnements. Il ne reste plus rien de l'‚poque industrielle … part la chemin‚e.;Oui : Projet de square en cours;Sites Patrimoniaux Remarquables;TrŠs d‚t‚riori‚;;;;;;;;;;;;;;;;;;;;;;;;;;;;0;0;
R27;ROUBAIX;86 rue de Nancy;Tissage CRAYE G‚n‚ration;G‚n‚rations projets ;51;50.683527;3.196697;Priv‚;Priv‚;Rond;Briques;Assez bon; Tissage;Logements, parkings;Le site est compos‚ de plusieurs bƒtiments de type industriel datant pour la plupart de l'‚poque industrielle avec des toits en shed notamment.;Non;Sites Patrimoniaux Remarquables;Assez bon;;;;;;;;;;;;;;;;;;;;;;;;;;;;0;0;
R28;ROUBAIX;3 rue de l'Ouest;Manque d'information;Soci‚t‚ LIVERA;52;50.694472;3.159326;Priv‚;Priv‚;Rond;Briques;D‚t‚riori‚;Production de produits chimiques ;Entreprise ;Le cadre regroupe un ensemble de composants industriels. La forme reste sensiblement la mˆme que celle de la p‚riode industrielle.;Non : Soci‚t‚ toujours en activit‚;Sites Patrimoniaux Remarquables;Assez bon;;;;;;;;;;;;;;;;;;;;;;;;;;;;0;0;
R29;ROUBAIX;62-72 rue Pellart;Teinturerie MONNET & GOMBERT (r. Lacroix);Friche;53;50.696040;3.183791;Priv‚;Priv‚;Rond;Briques;Assez bon;Tissage;Friche;La parcelle est compos‚e d'une friche urbaine o— le seul ‚l‚ment bƒti est la chemin‚e qui est ‚galement le seul ‚l‚ment repr‚sentatif du pass‚ industriel.;Non;Sites Patrimoniaux Remarquables;D‚t‚riori‚;;;;;;;;;;;;;;;;;;;;;;;;;;;;0;0;
R30;ROUBAIX;56 rue Saint-Maurice;Tissage LEURENT-VERNIER; SIEF;54;50.699559;3.170613;Priv‚;Priv‚;Rond;Briques;Assez bon;Tissage;SIEF (vente et installation de climatisation);Les ensembles bƒtis du site actuel ont gard‚ une importante coh‚rence avec la morphologie urbaine de l'‚poque industrielle. Il y a alors eu quelques changements sur le site notamment l'un des bƒtiments qui a perdu son toit en shed.;Non : Soci‚t‚ toujours en activit‚;Sites Patrimoniaux Remarquables;TrŠs bon et/ou r‚nov‚;;;;;;;;;;;;;;;;;;;;;;;;;;;;0;0;
R31;ROUBAIX;50 rue S‚bastopol;Teinturerie et apprˆt L‚on DESCHEPPER;Pole ressources jeunesse;55;50.689947;3.169495;Public;Public;Rond;Briques;Assez bon;Teinturerie;Service qui d‚veloppe des projets en direction et avec les jeunes de 13 … 25 ans;La structure du bƒti pr‚sente une grande similitude avec celle de la p‚riode industrielle. Le site est compos‚ d'‚l‚ments industriels, d'une partie non bƒtie et d'un parking;Non;Sites Patrimoniaux Remarquables;Assez bon;;;;;;;;;;;;;;;;;;;;;;;;;;;;0;0;
R32;ROUBAIX;122 rue de Tourcoing;Filature et teinturerie Louis LEPOUTRE & Cie;Hotel d'entreprises ;56;50.704727;3.172127;Priv‚;Priv‚;Rond;Briques;TrŠs bon et/ou r‚nov‚;Pas d'information;Hotel d'entreprises;Le site est compos‚ de plusieurs bƒtiments de type industriel datant pour la plupart de l'‚poque industrielle. On retrouve aussi la chemin‚e d'usine d'origine.;Oui : Projet d'hotel d'entreprises en particulier pour l'e-commerce (Projet Blanche Maille ?);Sites Patrimoniaux Remarquables;TrŠs bon et/ou r‚nov‚;;;;;;;;;;;;;;;;;;;;;;;;;;;;0;0;
R33;ROUBAIX;6 place du Trichon;G. MASUREL-LECLERCQ fils, tissage m‚canique;Lofts et commerces … vendre;57;50.690473;3.168542;Priv‚;Priv‚;Rond;Briques;Assez bon;Poissonnerie;Lofts et commerces … vendre depuis plusieurs ann‚es;Le site est actuellement compos‚ de quelques bƒtiments et de plusieurs espaces de stationnement. Le site pr‚sente plusieurs transformations depuis la p‚riode industrielle.;Site actuellement … louer (fonction : hybride habitat et locaux divers) (… v‚rifier);Sites Patrimoniaux Remarquables;Assez bon;;;;;;;;;;;;;;;;;;;;;;;;;;;;0;0;
R34;ROUBAIX;178 rue Victor Hugo;Filature JACOB & fils;Manufacture de fil fantaisie JACOB & FILS;58;50.685514;3.199394;Priv‚;Priv‚;Rond;Briques;TrŠs bon et/ou r‚nov‚;Teinturerie;Friche;Les bƒtiments actuels pr‚sentent des caract‚ristiques industriels notamment avec la pr‚sence de sheds. L'ensemble bƒti date de la p‚riode industrielle et pr‚sente encore une similitude importante avec celle-ci.;Non;Sites Patrimoniaux Remarquables;Assez bon;;;;;;;;;;;;;;;;;;;;;;;;;;;;0;0;
R35;ROUBAIX;185bis rue Victor Hugo;Retorderie JACOB et fils;BARCROM;59;50.685906;3.198137;Priv‚;Priv‚;Rond;Briques;D‚t‚riori‚;Teinturerie;BARCROM;Le site est compos‚ d'ensemble bƒti, d'‚lements industriels et d'‚l‚ments d'habitation de type ouvrier. Le reste de l'‚crin bƒti de 1932 reste trŠs pr‚sent sur le site mais a cependant connu quelques changements au niveau du bƒti industriel.;Non : Soci‚t‚ toujours en activit‚;Sites Patrimoniaux Remarquables;Assez bon;;;;;;;;;;;;;;;;;;;;;;;;;;;;0;0;
R36;ROUBAIX;48 rue Watt;Teinturerie ROUSSEL DESROUSSEAUX;La Teinturerie Montesquieu;60;50.686854;3.159517;Priv‚;Priv‚;Rond;Briques;Assez bon;Teinturerie;Loft, agence d'architecture, restaurant, commerce, etc.;La parcelle pr‚sente actuellement plusieurs bƒtiments pour certains industriels, d'une mosqu‚e construite au XXIŠme siŠcle et de plusieurs espaces de stationnement. Le site a alors connu plusieurs changements notamment avec le projet de mosqu‚e et pr‚sente quelques diff‚rences avec l'‚crin bƒti de 1930.;R‚paration possible prochainement;Sites Patrimoniaux Remarquables;TrŠs bon et/ou r‚nov‚;;;;;;;;;;;;;;;;;;;;;;;;;;;;0;0;
R37;ROUBAIX;64 rue Watt;Retorderie POLLET;IVR Imprimerie;61;50.686452;3.160906;Priv‚;Priv‚;Rond;Briques;Assez bon;Apprˆt;Entreprise IVR imprimerie (… v‚rifier si c'est toujours en activit‚);Le site est compos‚ d'ensembles bƒtis industriels pr‚sentant une importante coh‚rence avec ceux de la p‚riode industrielle. Une importante partie a encore un toit en shed.;Non;Sites Patrimoniaux Remarquables;Assez bon;;;;;;;;;;;;;;;;;;;;;;;;;;;;0;0;
R38;ROUBAIX;34 rue Winston-Churchill;LEMAIRE & DILLIES Filature, tissage, teinturerie et apprˆts;DISTRIFAC;62;50.688185;3.179858;Priv‚;Priv‚;Rond;Briques;D‚t‚riori‚;Pas d'information;Bƒtiment innocup‚ et en reconversion;Les bƒtiments industriels sont des bƒtiments datant du XXŠme siŠcle. Le site est actuellement une friche industrielle. Il pr‚sente encore un important bƒti de l'‚crin bƒti de 1932. ;Oui : Site en reconversion, il a ‚t‚ rachet‚ par la MEL pour ˆtre renvendu … des acheteurs;Sites Patrimoniaux Remarquables;D‚t‚riori‚;;;;;;;;;;;;;;;;;;;;;;;;;;;;0;0;