"code","nom","Country","Median_GDP_per_capita","Mean_GDP_per_capita","Median_5_imagine_household","Country2","Fees","valdidity_years","ePassport","Quotient"
"AF","Afghanistan","","","","","","","","",""
"AL","Albania","Albania","2372.50","10304.69","11862.50","","","","","none"
"DZ","Algeria","","","","","","","","",""
"AD","Andorra","","","","","","","","",""
"AO","Angola","Angola","1058.50","6484.00","5292.50","","","","","none"
"AG","Antigua and Barbuda","","","","","Argentina","35","10","Yes","none"
"AR","Argentina","","","","","","","","",""
"AM","Armenia","Armenia","1825.00","8069.72","9125.00","","","","","none"
"AU","Australia","Australia","16060.00","43929.86","80300.00","Australia","212","10","Yes","0.158405978"
"AT","Austria","Austria","17082.00","46222.49","85410.00","Austria","80","10","Yes","0.056199508"
"AZ","Azerbaijan","Azerbaijan","2774.00","17515.63","13870.00","","","","","none"
"BS","Bahamas","","","","","","","","",""
"BH","Bahrain","","","","","","","","",""
"BD","Bangladesh","","","","","","","","",""
"BB","Barbados","","","","","","","","",""
"BY","Belarus","Belarus","6241.50","18184.87","31207.50","","","","","none"
"BE","Belgium","Belgium","15695.00","42578.23","78475.00","Belgium","100","7","Yes","0.076457471"
"BZ","Belize","Belize","1898.00","8416.82","9490.00","","","","","none"
"BJ","Benin","Benin","657.00","2030.17","3285.00","","","","","none"
"BT","Bhutan","Bhutan","2190.00","7815.66","10950.00","","","","","none"
"BO","Bolivia","Bolivia","3394.50","6629.82","16972.50","","","","","none"
"BA","Bosnia and Herzegovina","Bosnia and Herzegovina","6095.50","9891.46","30477.50","","","","","none"
"BW","Botswana","Botswana","1642.50","16099.27","8212.50","","","","","none"
"BR","Brazil","Brazil","4161.00","15838.02","20805.00","Brazil","82","10","Yes","0.236481615"
"BN","Brunei","","","","","","","","",""
"BG","Bulgaria","Bulgaria","4745.00","16616.97","23725.00","Bulgaria","22","5","Yes","0.055637513"
"BF","Burkina Faso","Burkina Faso","638.75","1619.54","3193.75","","","","","none"
"BI","Burundi","Burundi","438.00","769.88","2190.00","","","","","none"
"KH","Cambodia","","","","","","","","",""
"CM","Cameroon","Cameroon","1022.00","2972.22","5110.00","","","","","none"
"CA","Canada","Canada","17118.50","44057.24","85592.50","Canada","128","10","Yes","0.089727488"
"CV","Cape Verde","","","","","","","","",""
"CF","Central African Republic","Central African Republic","492.75","594.16","2463.75","","","","","none"
"TD","Chad","Chad","876.00","2182.04","4380.00","","","","","none"
"CL","Chile","Chile","5183.00","22345.96","25915.00","","","","","none"
"","","China - Rural","1423.50","13206.38","7117.50","","","","","none"
"","","China - Urban","3321.50","13206.38","16607.50","","","","","none"
"CN","China","","","","","China","29","10","Yes","none"
"CO","Colombia","Colombia","3066.00","13357.15","15330.00","","","","","none"
"KM","Comoros","Comoros","1587.75","1429.28","7938.75","","","","","none"
"CG","Congo","Congo. Rep.","1076.75","6276.75","5383.75","","","","","none"
"CD","Congo (Dem. Rep.)","Democratic Republic of Congo","401.50","804.62","2007.50","","","","","none"
"CR","Costa Rica","Costa Rica","5073.50","14918.08","25367.50","","","","","none"
"CI","Cote d'Ivoire (Ivory Coast)","Cote d'Ivoire","1022.00","3258.23","5110.00","","","","","none"
"HR","Croatia","Croatia","5767.00","21210.28","28835.00","Croatia","55","10","Yes","0.114444252"
"CU","Cuba","","","","","Cuba","100(375 if in USA)","6","No","none"
"CY","Cyprus","Cyprus","7920.50","30873.18","39602.50","Cyprus","60","10","Yes","0.090903352"
"CZ","Czechia","Czech Republic","8577.50","30407.45","42887.50","Czech Republic","???","10","Yes","none"
"DK","Denmark","Denmark","15658.50","44916.41","78292.50","Denmark","90","10","Yes","0.068972124"
"DJ","Djibouti","Djibouti","1423.50","3270.41","7117.50","","","","","none"
"DM","Dominica","","","","","","","","",""
"DO","Dominican Republic","Dominican Republic","2956.50","13262.30","14782.50","","","","","none"
"EC","Ecuador","Ecuador","2847.00","11371.66","14235.00","","","","","none"
"EG","Egypt","","","","","","","","",""
"SV","El Salvador","El Salvador","2628.00","8351.12","13140.00","","","","","none"
"GQ","Equatorial Guinea","","","","","","","","",""
"ER","Eritrea","","","","","","","","",""
"EE","Estonia","Estonia","6898.50","26945.75","34492.50","Estonia","???","10","Yes","none"
"ET","Ethiopia","Ethiopia","857.75","1499.76","4288.75","","","","","none"
"FJ","Fiji","Fiji","2062.25","8792.38","10311.25","","","","","none"
"FI","Finland","Finland","15695.00","39981.11","78475.00","Finland","50","5","Yes","0.038228735"
"FR","France","France","15768.00","38847.45","78840.00","France","90","10","Yes","0.068493151"
"GA","Gabon","Gabon","1788.50","19430.12","8942.50","","","","","none"
"GM","Gambia","Gambia.The","748.25","1864.39","3741.25","","","","","none"
"GE","Georgia","Georgia","1697.25","7581.98","8486.25","","","","","none"
"DE","Germany","Germany","16534.50","45802.12","82672.50","Germany","60","10","Yes","0.043545314"
"GH","Ghana","Ghana","1149.75","4081.67","5748.75","","","","","none"
"GR","Greece","Greece","7008.00","25877.12","35040.00","Greece","100","5","Yes","0.171232877"
"GD","Grenada","","","","","","","","",""
"GT","Guatemala","Guatemala","1879.75","7454.28","9398.75","","","","","none"
"GN","Guinea","Guinea","857.75","1221.28","4288.75","","","","","none"
"GW","Guinea-Bissau","Guinea-Bissau","511.00","1385.53","2555.00","","","","","none"
"GY","Guyana","","","","","","","","",""
"HT","Haiti","Haiti","620.50","1731.80","3102.50","","","","","none"
"HN","Honduras","Honduras","1679.00","4908.68","8395.00","","","","","none"
"HK","Hong Kong","","","","","China Hong Kong SAR","32","10","Yes","#REF!"
"HU","Hungary","Hungary","6004.25","24720.55","30021.25","Hungary","50","10","Yes","0.099929217"
"IS","Iceland","Iceland","15074.50","43303.82","75372.50","Iceland","70","10","Yes","0.055723241"
"","","India-Rural","930.75","5700.72","4653.75","","","","","none"
"","","India-Urban","1295.75","5700.72","6478.75","","","","","none"
"IN","India","","","","","India","23","10","No","none"
"","","Indonesia-Rural","1204.50","10517.03","6022.50","","","","","none"
"","","Indonesia-Urban","1514.75","10517.03","7573.75","","","","","none"
"ID","Indonesia","","","","","Indonesia","15","5","Yes","none"
"IR","Iran","Iran","4708.50","17302.56","23542.50","Iran","30","5","Yes","0.076457471"
"IQ","Iraq","","","","","","","","",""
"IE","Ireland","Ireland","12483.00","48755.08","62415.00","Ireland","80","10","Yes","0.07690459"
"IL","Israel","Israel","8687.00","33229.63","43435.00","Israel","75","10","Yes","0.103603085"
"IT","Italy","Italy","12227.50","34706.35","61137.50","Italy","135","10","Yes","0.132488244"
"JM","Jamaica","Jamaica","2883.50","8875.46","14417.50","","","","","none"
"JP","Japan","Japan","12592.50","36426.30","62962.50","Japan","115","10","Yes","0.109589041"
"JO","Jordan","","","","","","","","",""
"KZ","Kazakhstan","Kazakhstan","3814.25","24227.88","19071.25","","","","","none"
"KE","Kenya","Kenya","949.00","2954.08","4745.00","","","","","none"
"KI","Kiribati","Kiribati","1441.75","1809.03","7208.75","","","","","none"
"RK","Kosovo","","","","","","","","",""
"KW","Kuwait","","","","","","","","",""
"KG","Kyrgyzstan","Kyrgyz Republic","1606.00","3322.22","8030.00","","","","","none"
"LA","Laos","","","","","","","","",""
"LV","Latvia","Latvia","5365.50","22872.92","26827.50","Latvia","29","5","Yes","0.06485882"
"LB","Lebanon","","","","","","","","",""
"LS","Lesotho","Lesotho","529.25","2638.31","2646.25","","","","","none"
"LR","Liberia","Liberia","529.25","840.70","2646.25","","","","","none"
"LY","Libya","","","","","","","","",""
"LI","Liechtenstein","","","","","","","","",""
"LT","Lithuania","Lithuania","5913.00","26742.16","29565.00","Lithuania","???","10","Yes","none"
"LU","Luxembourg","Luxembourg","21133.50","97661.94","105667.50","Luxembourg","60","5","Yes","0.034069132"
"MO","Macao","","","","","","","","",""
"MK","Macedonia","Macedonia. FYR","2974.75","13142.42","14873.75","","","","","none"
"MG","Madagascar","Madagascar","383.25","1439.36","1916.25","","","","","none"
"MW","Malawi","Malawi","456.25","821.61","2281.25","","","","","none"
"MY","Malaysia","Malaysia","5110.00","25638.59","25550.00","Malaysia","47","5","Yes","0.11037182"
"MV","Maldives","Maldives","2098.75","12529.67","10493.75","","","","","none"
"ML","Mali","Mali","693.50","1599.21","3467.50","","","","","none"
"MT","Malta","","","","","Malta","70","10","Yes","none"
"MH","Marshall Islands","","","","","","","","",""
"MR","Mauritania","Mauritania","1587.75","3911.76","7938.75","","","","","none"
"MU","Mauritius","Mauritius","3303.25","18585.42","16516.25","","","","","none"
"","","Mexico (c)","2810.50","17107.91","14052.50","","","","","none"
"","","Mexico (i)","2591.50","17107.91","12957.50","","","","","none"
"MX","Mexico","","","","","Mexico","155","10","Yes","none"
"FM","Micronesia","Micronesia (urban)","693.50","3330.52","3467.50","","","","","none"
"MD","Moldova","Moldova","3011.25","4982.64","15056.25","","","","","none"
"MC","Monaco","","","","","","","","",""
"MN","Mongolia","Mongolia","2993.00","11945.66","14965.00","","","","","none"
"ME","Montenegro","Montenegro","4270.50","14338.04","21352.50","","","","","none"
"MA","Morocco","Morocco","2062.25","7490.69","10311.25","","","","","none"
"MZ","Mozambique","Mozambique","492.75","1129.35","2463.75","","","","","none"
"MM","Myanmar [Burma]","","","","","","","","",""
"NA","Namibia","Namibia","1241.00","9955.52","6205.00","","","","","none"
"NR","Nauru","","","","","","","","",""
"NP","Nepal","Nepal","1149.75","2374.21","5748.75","","","","","none"
"NL","Netherlands","Netherlands","15804.50","47662.52","79022.50","Netherlands","150","10","Yes","0.113891613"
"NZ","New Zealand","","","","","New Zealand","150","10","Yes","none"
"NI","Nicaragua","Nicaragua","1898.00","4918.27","9490.00","","","","","none"
"NE","Niger","Niger","693.50","937.74","3467.50","","","","","none"
"NG","Nigeria","Nigeria","657.00","5911.23","3285.00","","","","","none"
"KP","North Korea","","","","","","","","",""
"NO","Norway","Norway","21717.50","64855.95","108587.50","Norway","50","10","Yes","0.027627489"
"OM","Oman","","","","","","","","",""
"PK","Pakistan","Pakistan","1204.50","4811.36","6022.50","","","","","none"
"PW","Palau","","","","","","","","",""
"PS","Palestinian Territories","West Bank and Gaza","3102.50","4509.00","15512.50","","","","","none"
"PA","Panama","Panama","4745.00","20894.72","23725.00","","","","","none"
"PG","Papua New Guinea","Papua New Guinea","839.50","2854.75","4197.50","","","","","none"
"PY","Paraguay","Paraguay","4106.25","8911.35","20531.25","","","","","none"
"PE","Peru","Peru","3650.00","11988.93","18250.00","","","","","none"
"PH","Philippines","Philippines","1423.50","6968.97","7117.50","","","","","none"
"","","Poland (c)","4927.50","24744.46","24637.50","","","","","none"
"","","Poland (i)","6898.50","24744.46","34492.50","","","","","none"
"PL","Poland","","","","","Poland","35","10","Yes","none"
"PT","Portugal","Portugal","7373.00","28392.59","36865.00","Portugal","60","5","Yes","0.097653601"
"QA","Qatar","","","","","","","","",""
"RO","Romania","","","","","Romania","65","5","Yes","none"
"","","Romania (c)","2828.75","21545.00","14143.75","","","","","none"
"","","Romania (i)","3047.75","21545.00","15238.75","","","","","none"
"RU","Russian Federation","Russia","6752.50","25635.85","33762.50","Russian Federation","42","10","Yes","0.074639023"
"RW","Rwanda","Rwanda","584.00","1660.55","2920.00","","","","","none"
"KN","Saint Kitts and Nevis","","","","","","","","",""
"LC","Saint Lucia","St Lucia","912.50","10733.04","4562.50","","","","","none"
"WS","Samoa","Samoa","2518.50","5789.05","12592.50","","","","","none"
"SM","San Marino","","","","","","","","",""
"ST","Sao Tome and Principe","Sao Tome and Principe","857.75","3176.25","4288.75","","","","","none"
"SA","Saudi Arabia","","","","","","","","",""
"SN","Senegal","Senegal","857.75","2333.10","4288.75","","","","","none"
"RS","Serbia","Serbia","4051.50","12659.67","20257.50","","","","","none"
"SC","Seychelles","Seychelles","4562.50","26385.60","22812.50","","","","","none"
"SL","Sierra Leone","Sierra Leone","675.25","1966.12","3376.25","","","","","none"
"SG","Singapore","","","","","Singapore","59","5","Yes","#REF!"
"SK","Slovakia","Slovak Republic","9544.75","27711.48","47723.75","Slovakia","35","10","Yes","0.044003248"
"SI","Slovenia","Slovenia","10913.50","29962.67","54567.50","Slovenia","35","10","Yes","0.038484446"
"SB","Solomon Islands","Solomon Islands","748.25","2130.44","3741.25","","","","","none"
"SO","Somalia","","","","","","","","",""
"ZA","South Africa","South Africa","1679.00","13046.21","8395.00","South Africa","14","10","Yes","0.100059559"
"KR","South Korea","","","","","Republic of Korea","???","10","Yes","none"
"SS","South Sudan","","","","","","","","",""
"ES","Spain","Spain","11242.00","33211.27","56210.00","Spain","25","10","Yes","0.026685643"
"LK","Sri Lanka","Sri Lanka","1989.25","11181.25","9946.25","","","","","none"
"VC","St. Vincent and the Grenadines","","","","","","","","",""
"SD","Sudan","Sudan","1350.50","4069.35","6752.50","","","","","none"
"SR","Suriname","Suriname","1679.00","16637.58","8395.00","","","","","none"
"SZ","Swaziland","Swaziland","821.25","8292.09","4106.25","","","","","none"
"SE","Sweden","Sweden","16279.00","45183.02","81395.00","Sweden","40","5","Yes","0.029485841"
"CH","Switzerland","Switzerland","20184.50","57235.25","100922.50","Switzerland","140","10","Yes","0.083232183"
"SY","Syria","","","","","","","","",""
"TW","Taiwan","Taiwan. China","12446.50","43599.00","62232.50","","","","","none"
"TJ","Tajikistan","Tajikistan","1679.00","2690.75","8395.00","","","","","none"
"TZ","Tanzania","Tanzania","730.00","2537.90","3650.00","","","","","none"
"TH","Thailand","Thailand","3923.75","15735.07","19618.75","Thailand","29","5","Yes","0.088690666"
"TL","Timor-Leste","","","","","","","","",""
"TG","Togo","Togo","638.75","1428.82","3193.75","","","","","none"
"TO","Tonga","Tonga","2719.25","5211.11","13596.25","","","","","none"
"TT","Trinidad and Tobago","Trinidad and Tobago","2792.25","31967.22","13961.25","Trinidad &  Tobago","20","10","No","0.085952189"
"TN","Tunisia","Tunisia","2774.00","11435.63","13870.00","Tunesia","20","5","No","0.086517664"
"TR","Turkey","Turkey","4453.00","19199.50","22265.00","Turkey","268","5","Yes","0.722209746"
"TM","Turkmenistan","","","","","","","","",""
"TV","Tuvalu","","","","","","","","",""
"UG","Uganda","Uganda","912.50","1770.86","4562.50","","","","","none"
"UA","Ukraine","Ukraine","4288.75","8665.49","21443.75","","","","","none"
"AE","United Arab Emirates","","","","","","","","",""
"UK","United Kingdom","United Kingdom","13797.00","39762.13","68985.00","United Kingdom","90","10","Yes","0.078277886"
"US","United States of America","United States","17593.00","54629.50","87965.00","USA","110","10","Yes","0.075029841"
"UY","Uruguay","Uruguay","6533.50","20884.27","32667.50","","","","","none"
"UZ","Uzbekistan","","","","","","","","",""
"VU","Vanuatu","Vanuatu","1332.25","3030.56","6661.25","","","","","none"
"VA","Vatican City","","","","","","","","",""
"VE","Venezuela","Venezuela","3066.00","15891.00","15330.00","","","","","none"
"VN","Viet Nam","Vietnam","2244.75","5628.95","11223.75","","","","","none"
"YE","Yemen","","","","","","","","",""
"ZM","Zambia","Zambia","492.75","3904.03","2463.75","","","","","none"
"ZW","Zimbabwe","","","","","","","","",""