"Pays","Name","Code","exprimes","dupont","lepen","macron","hamon","arthaud","poutou","cheminade","lassalle","melenchon","asselineau","fillon"
"AFGHANISTAN","AFGHANISTAN","AF","64","0","8","22","10","0","0","1","1","14","0","8"
"AFRIQUE DU SUD","AFRIQUE DU SUD","ZA","2201","27","246","818","139","2","3","0","9","259","14","684"
"ALBANIE","ALBANIE","AL","120","1","8","52","15","0","1","0","0","17","0","26"
"ALGêRIE","ALGERIE","DZ","4184","31","90","2171","233","17","28","15","8","1072","53","466"
"ALLEMAGNE","ALLEMAGNE","DE","42588","645","1449","23815","3887","99","324","75","161","5065","258","6810"
"ANCIENNE RêPUBLIQUE YOUGOSLAVE DE MACêDOINE (ARYM)","","","72","0","13","30","6","0","1","0","1","13","1","7"
"ANDORRE","ANDORRE","AD","1129","46","230","270","50","4","12","2","9","127","25","354"
"ANGOLA","ANGOLA","AO","415","8","23","156","24","0","3","2","3","27","8","161"
"ARABIE SAOUDITE","ARABIE SAOUDITE","SA","1255","12","107","483","50","0","8","1","6","171","34","383"
"ARGENTINE","ARGENTINE","AR","3043","27","285","1056","167","13","29","13","9","611","23","810"
"ARMêNIE","ARMENIE","AM","176","0","21","33","3","0","1","0","1","32","3","82"
"AUSTRALIE","AUSTRALIE","AU","7507","179","598","3205","587","12","38","16","34","1224","83","1531"
"AUTRICHE","AUTRICHE","AT","3584","56","139","1675","379","9","38","6","17","533","41","691"
"AZERBAÿDJAN","AZERBAÿDJAN","AZ","73","2","5","26","7","0","1","0","0","11","3","18"
"BAHREÿN","BAHREÿN","BH","347","4","20","128","14","1","0","0","1","42","6","131"
"BANGLADESH","BANGLADESH","BD","86","2","6","33","8","0","0","0","0","23","0","14"
"BELGIQUE","BELGIQUE","BE","46184","870","3390","16412","4409","138","387","113","237","9431","385","10412"
"BENIN","BENIN","BJ","934","13","51","436","72","7","3","2","6","161","8","175"
"BIêLORUSSIE","none","none","62","3","17","14","0","0","0","0","1","6","1","20"
"BIRMANIE (MYANMAR)","MYANMAR","MM","265","4","17","94","26","0","1","0","2","70","4","47"
"BOLIVIE","BOLIVIE, ETAT PLURINATIONAL DE","BO","334","5","17","118","28","1","4","1","3","92","5","60"
"BOSNIE-HERZêGOVINE","BOSNIE-HERZEGOVINE","BA","107","2","2","42","16","2","2","0","0","17","4","20"
"BRêSIL","BRESIL","BR","4761","35","243","2085","285","5","23","8","14","850","42","1171"
"BULGARIE","BULGARIE","BG","487","10","41","171","32","0","3","0","2","63","12","153"
"BURKINA FASO","BURKINA FASO","BF","990","10","56","335","86","4","10","0","7","283","8","191"
"BURUNDI","BURUNDI","BI","116","2","6","36","17","1","1","0","0","18","1","34"
"CAMBODGE","CAMBODGE","KH","1258","20","155","353","86","4","11","2","14","286","32","295"
"CAMEROUN","CAMEROUN","CM","1667","26","126","568","104","3","4","4","7","257","12","556"
"CANADA","CANADA","CA","33973","628","2488","12606","3169","81","243","77","141","9096","471","4973"
"CENTRAFRICAINE (RêPUBLIQUE)","CENTRAFRICAINE, REPUBLIQUE","CF","209","1","25","94","9","1","0","0","2","22","2","53"
"CHILI","CHILI","CL","3475","31","258","1218","220","5","31","5","12","760","27","908"
"CHINE","CHINE","CN","6060","45","237","2646","282","9","20","5","29","686","113","1988"
"CHYPRE","CHYPRE","CY","373","4","28","149","23","1","1","1","2","68","5","91"
"COLOMBIE","COLOMBIE","CO","1498","6","55","621","119","3","5","0","13","375","21","280"
"COMORES","COMORES","KM","388","6","9","145","34","1","8","2","1","113","3","66"
"CONGO","CONGO","CG","1735","27","163","591","80","5","3","1","8","224","11","622"
"CONGO (RêPUBLIQUE DêMOCRATIQUE)","CONGO, LA REPUBLIQUE DEMOCRATIQUE DU","CD","633","9","53","218","38","2","3","2","4","97","3","204"
"CORêE DU SUD","COREE, REPUBLIQUE DE","KR","953","17","43","364","76","1","5","0","7","206","15","219"
"COSTA RICA","COSTA RICA","CR","547","8","60","141","40","2","3","0","6","124","6","157"
"C‚TE D'IVOIRE","COTE D?IVOIRE","CI","4293","42","328","1166","195","7","15","9","27","713","35","1756"
"CROATIE","CROATIE","HR","251","8","35","92","14","0","0","0","1","30","6","65"
"CUBA","CUBA","CU","262","1","22","87","13","2","2","2","0","70","1","62"
"DANEMARK","DANEMARK","DK","2178","30","75","1099","217","5","23","4","4","434","19","268"
"DJIBOUTI","DJIBOUTI","DJ","1415","84","385","286","79","7","7","4","11","230","16","306"
"DOMINICAINE (RêPUBLIQUE)","DOMINICAINE, REPUBLIQUE","DO","855","7","155","222","29","2","11","1","12","120","8","288"
"êGYPTE","EGYPTE","EG","1288","11","71","451","112","3","9","3","3","240","12","373"
"êMIRATS ARABES UNIS","EMIRATS ARABES UNIS","AE","7792","96","547","2885","256","5","28","3","44","673","114","3141"
"EQUATEUR","EQUATEUR","EC","687","7","41","209","56","4","5","1","3","198","17","146"
"ESPAGNE","ESPAGNE","ER","26827","482","2244","10007","2022","80","222","46","133","5375","177","6039"
"ESTONIE","ESTONIE","EE","130","3","8","60","12","0","4","0","2","21","1","19"
"êTATS-UNIS","ETATS-UNIS","US","45938","502","2302","23489","2499","60","126","45","138","4550","220","12007"
"êTHIOPIE","ETHIOPIE","ES","335","4","9","161","31","0","4","0","4","66","0","56"
"FIDJI","FIDJI","FI","45","0","2","15","4","0","2","0","0","9","2","11"
"FINLANDE","FINLANDE","ET","977","15","35","460","109","1","7","0","5","224","16","105"
"GABON","GABON","FR","3104","62","426","769","120","2","8","7","16","550","35","1109"
"GêORGIE","GEORGIE","GD","126","1","10","46","8","0","1","0","0","25","2","33"
"GHANA","GHANA","GG","331","4","18","129","24","0","1","0","3","35","5","112"
"GR‘CE","GRECE","GQ","2965","68","253","1012","172","22","36","9","10","762","22","599"
"GUATEMALA","GUATEMALA","GT","329","8","24","109","21","0","0","4","1","71","8","83"
"GUINêE","GUINEE","GM","613","3","46","231","50","1","3","3","3","102","1","170"
"GUINêE êQUATORIALE","GUINEE EQUATORIALE","GP","133","4","18","43","17","0","0","0","1","22","3","25"
"HAÿTI","HAÿTI","HT","463","10","24","147","37","1","3","0","4","118","5","114"
"HONG-KONG","HONG KONG","HK","5369","35","181","2460","175","3","11","5","14","314","71","2100"
"HONGRIE","HONGRIE","HU","917","17","68","354","67","1","7","3","5","149","12","234"
"INDE","INDE","IN","3465","66","151","1066","466","28","29","15","26","505","80","1033"
"INDONêSIE","INDONESIE","ID","971","12","71","389","36","1","5","0","9","134","28","286"
"IRAK","IRAQ","IQ","103","0","5","49","8","0","0","0","1","15","0","25"
"IRAN","IRAN, REPUBLIQUE ISLAMIQUE D'","IR","350","2","16","143","16","0","0","1","2","66","8","96"
"IRLANDE","IRLANDE","IE","3671","73","146","1647","425","9","36","4","24","703","55","549"
"ISLANDE","ISLANDE","IS","213","3","11","77","29","0","3","0","2","69","5","14"
"ISRA”L","ISRA”L","IL","8370","90","311","2589","82","8","21","8","43","134","28","5056"
"ITALIE","ITALIE","IT","11295","226","1239","4736","806","62","77","23","42","1597","64","2423"
"JAPON","JAPON","JP","3631","61","198","1461","285","3","17","11","20","771","85","719"
"JêRUSALEM","JÇrusalem","PS","3118","30","117","989","56","4","17","4","22","77","21","1781"
"JORDANIE","JORDANIE","JO","511","4","19","227","72","2","3","0","2","103","2","77"
"KAZAKHSTAN","KAZAKHSTAN","KZ","164","3","14","44","9","0","0","1","2","17","2","72"
"KENYA","KENYA","KE","517","2","24","238","65","0","6","2","1","80","3","96"
"KOSOVO","none","none","55","2","6","18","3","0","1","0","0","15","0","10"
"KOWEÿT","KOWEÿT","KW","310","6","45","95","10","1","0","1","3","43","4","102"
"LAOS","LAO, REPUBLIQUE DEMOCRATIQUE POPULAIRE","LA","560","5","46","152","38","4","3","0","9","177","14","112"
"LETTONIE","LETTONIE","LV","113","2","12","31","11","0","0","0","0","22","3","32"
"LIBAN","LIBAN","LB","8941","47","1099","1432","220","9","14","8","13","590","58","5451"
"LIBYE","LIBYE","LY","7","0","0","0","3","0","0","0","0","1","0","3"
"LITUANIE","LITUANIE","LT","156","4","10","38","22","3","0","0","2","22","11","44"
"LUXEMBOURG","LUXEMBOURG","LU","13739","252","855","5769","811","35","90","26","71","1336","127","4367"
"MADAGASCAR","MADAGASCAR","MG","5158","115","500","1784","280","32","55","25","43","804","81","1439"
"MALAISIE","MALAISIE","MY","1063","18","66","396","49","0","1","0","7","139","21","366"
"MALI","MALI","ML","972","8","51","338","132","3","6","2","4","229","7","192"
"MALTE","MALTE","MT","372","10","33","125","27","0","3","1","2","60","5","106"
"MAROC","MAROC","MA","18119","218","750","5723","1027","39","105","23","92","4672","235","5235"
"MAURICE","none","","4105","92","452","1086","143","15","21","6","24","380","52","1834"
"MAURITANIE","MAURITANIE","MR","393","8","32","135","39","1","3","1","1","90","2","81"
"MEXIQUE","MEXIQUE","MX","4517","35","211","1847","236","7","18","6","15","786","50","1306"
"MOLDAVIE","MOLDOVA","MD","34","1","5","12","2","0","0","0","1","2","0","11"
"MONACO","MONACO","MC","2536","74","594","458","68","5","5","7","13","170","21","1121"
"MONGOLIE","MONGOLIE","MN","40","0","1","10","6","0","0","0","0","13","2","8"
"MOZAMBIQUE","MOZAMBIQUE","MZ","202","0","6","66","33","1","0","0","5","68","0","23"
"NICARAGUA","NICARAGUA","NI","170","0","11","73","19","0","0","0","0","36","0","31"
"NIGER","NIGER","NE","383","8","28","118","41","2","3","1","1","84","3","94"
"NIGêRIA","NIGERIA","NG","485","2","40","180","20","1","0","0","3","55","3","181"
"NORV‘GE","NORVEGE","NO","2054","33","109","938","201","5","13","5","9","391","40","310"
"NOUVELLE-ZêLANDE","NOUVELLE-CALEDONIE","NC","1189","31","46","492","139","4","10","1","11","286","20","149"
"OMAN","OMAN","OM","260","6","18","104","16","0","1","0","1","34","6","74"
"OUGANDA","OUGANDA","UG","141","2","8","60","9","0","0","0","0","33","0","29"
"OUZBEKISTAN","OUZBEKISTAN","UZ","47","0","2","21","6","0","1","0","0","6","2","9"
"PAKISTAN","PAKISTAN","PK","121","2","9","56","12","2","0","1","1","18","0","20"
"PANAMA","PANAMA","PA","592","5","59","196","27","1","2","0","3","56","5","238"
"PAYS-BAS","PAYS-BAS","NL","7827","98","236","4087","789","22","50","15","23","1132","52","1323"
"PêROU","PEROU","PE","963","10","85","378","70","1","3","2","5","178","12","219"
"PHILIPPINES","PHILIPPINES","PH","714","9","51","237","22","1","0","2","10","96","15","271"
"POLOGNE","POLOGNE","PL","1967","25","146","861","96","3","5","3","11","186","20","611"
"PORTUGAL","PORTUGAL","PT","4267","69","335","1434","277","12","30","5","16","527","32","1530"
"QATAR","QATAR","QA","1345","26","77","501","70","7","3","4","7","185","51","414"
"ROUMANIE","ROUMANIE","RO","1297","22","76","512","68","0","5","2","6","177","12","417"
"ROYAUME-UNI","ROYAUME-UNI","GA","45732","586","1309","23380","3177","100","212","76","137","5389","299","11067"
"RUSSIE","RUSSIE, FEDERATION DE","RU","1714","21","238","424","58","2","4","1","11","156","40","759"
"RWANDA","RWANDA","RW","126","0","4","41","20","2","0","1","1","32","4","21"
"SAINTE-LUCIE","SAINTE-LUCIE","LC","193","5","13","77","5","1","3","0","4","15","1","69"
"SALVADOR","EL SALVADOR","SV","194","1","23","54","19","0","0","0","4","17","4","72"
"SêNêGAL","SENEGAL","SN","5412","86","398","1616","475","15","33","12","28","1234","57","1458"
"SERBIE","SERBIE","RS","396","7","83","118","17","1","4","1","4","67","5","89"
"SEYCHELLES","SEYCHELLES","SC","161","4","25","42","22","0","1","0","2","18","3","44"
"SINGAPOUR","SINGAPOUR","SG","6524","59","171","3079","242","5","11","2","25","442","67","2421"
"SLOVAQUIE","SLOVAQUIE","SK","356","9","27","141","21","2","1","0","4","51","4","96"
"SLOVêNIE","SLOVENIE","SI","215","3","18","78","20","1","3","0","5","41","2","44"
"SOUDAN","SOUDAN","SD","73","1","6","28","4","1","0","0","0","22","2","9"
"SRI LANKA","SRI LANKA","LK","141","3","14","47","17","0","1","0","0","27","3","29"
"SU‘DE","SUEDE","SE","3010","41","118","1543","294","7","17","3","7","532","21","427"
"SUISSE","SUISSE","CH","65823","1598","5318","22846","3854","162","559","172","369","9921","782","20242"
"SURINAME","SURINAME","SR","26","0","2","9","1","0","0","0","0","3","1","10"
"SYRIE","SYRIENNE, REPUBLIQUE ARABE","SY","43","0","2","6","1","0","0","0","0","2","0","32"
"TADJIKISTAN","TADJIKISTAN","TJ","0","0","0","0","0","0","0","0","0","0","0","0"
"TAÿWAN","TAÿWAN, PROVINCE DE CHINE","TW","676","8","45","260","47","1","2","3","6","156","35","113"
"TANZANIE","TANZANIE, REPUBLIQUE UNIE DE","TZ","187","3","10","78","15","0","1","1","1","38","1","39"
"TCHAD","TCHAD","TD","391","5","36","123","41","1","1","2","0","66","2","114"
"TCH‘QUE (RêPUBLIQUE)","TCHEQUIE","CZ","1405","23","81","562","114","0","9","6","10","254","24","322"
"THAÿLANDE","THAÿLANDE","TH","3601","50","695","1064","111","4","6","1","24","401","102","1143"
"TOGO","TOGO","TG","764","10","50","344","70","1","3","2","5","115","7","157"
"TUNISIE","TUNISIE","TN","7517","76","249","2766","427","13","28","12","20","2414","70","1442"
"TURKMENISTAN","TURKMENISTAN","TM","31","1","6","10","2","0","1","0","0","2","0","9"
"TURQUIE","TURQUIE","TR","2077","26","84","806","237","6","29","5","5","494","39","346"
"UKRAINE","UKRAINE","UA","272","4","23","123","13","0","3","0","1","25","4","76"
"URUGUAY","URUGUAY","UY","631","5","45","248","31","2","5","3","5","154","6","127"
"VANUATU","VANUATU","VU","415","5","83","81","23","6","4","3","2","52","6","150"
"VENEZUELA","VENEZUELA, REPUBLIQUE BOLIVARIENNE DU","VE","569","10","47","260","19","1","5","1","1","39","2","184"
"VIETNAM","VIET NAM","VN","2310","41","154","754","125","6","10","4","19","485","85","627"
"YEMEN","YEMEN","YE","0","0","0","0","0","0","0","0","0","0","0","0"
"ZIMBABWE","ZIMBABWE","ZW","65","3","2","34","4","0","0","0","0","11","2","9"
"none","èLAND, ILES","AX","","","","","","","","","","","",""
"none","ANGUILLA","AI","","","","","","","","","","","",""
"none","ANTARCTIQUE","AQ","","","","","","","","","","","",""
"none","ANTIGUA-ET-BARBUDA","AG","","","","","","","","","","","",""
"none","ARUBA","AW","","","","","","","","","","","",""
"none","BAHAMAS","BS","","","","","","","","","","","",""
"none","BARBADE","BB","","","","","","","","","","","",""
"none","BELARUS","BY","","","","","","","","","","","",""
"none","BELIZE","BZ","","","","","","","","","","","",""
"none","BERMUDES","BM","","","","","","","","","","","",""
"none","BHOUTAN","BT","","","","","","","","","","","",""
"none","BONAIRE, SAINT-EUSTACHE ET SABA","BQ","","","","","","","","","","","",""
"none","BOTSWANA","BW","","","","","","","","","","","",""
"none","BOUVET, ILE","BV","","","","","","","","","","","",""
"none","BRUNEI DARUSSALAM","BN","","","","","","","","","","","",""
"none","CABO VERDE","CV","","","","","","","","","","","",""
"none","CAÿMANES, ILES","KY","","","","","","","","","","","",""
"none","CHRISTMAS, ILE","CX","","","","","","","","","","","",""
"none","COCOS (KEELING), ILES","CC","","","","","","","","","","","",""
"none","COOK, ILES","CK","","","","","","","","","","","",""
"none","COREE, REPUBLIQUE POPULAIRE DEMOCRATIQUE DE","KP","","","","","","","","","","","",""
"none","CURAÄAO","CW","","","","","","","","","","","",""
"none","DOMINIQUE","DM","","","","","","","","","","","",""
"none","ERYTHREE","EL","","","","","","","","","","","",""
"none","ETAT DE PALESTINE","psnone","","","","","","","","","","","",""
"none","FALKLAND, ILES (MALVINAS)","FJ","","","","","","","","","","","",""
"none","FEROE, ILES","FM","","","","","","","","","","","",""
"none","FRANCE","FO","","","","","","","","","","","",""
"none","GAMBIE","GL","","","","","","","","","","","",""
"none","GEORGIE DU SUD ET LES ILES SANDWICH DU SUD","GS","","","","","","","","","","","",""
"none","GIBRALTAR","GH","","","","","","","","","","","",""
"none","GRENADE","GB","","","","","","","","","","","",""
"none","GROENLAND","GI","","","","","","","","","","","",""
"none","GUADELOUPE","GN","","","","","","","","","","","",""
"none","GUAM","GU","","","","","","","","","","","",""
"none","GUERNESEY","GF","","","","","","","","","","","",""
"none","GUINEE-BISSAU","GW","","","","","","","","","","","",""
"none","GUYANA","GY","","","","","","","","","","","",""
"none","GUYANE FRANÄAISE","GE","","","","","","","","","","","",""
"none","HEARD ET MACDONALD, ILES","HM","","","","","","","","","","","",""
"none","HONDURAS","HN","","","","","","","","","","","",""
"none","ILE DE MAN","IM","","","","","","","","","","","",""
"none","ILES MINEURES ELOIGNEES DES ETATS-UNIS","UM","","","","","","","","","","","",""
"none","ILES VIERGES BRITANNIQUES","VG","","","","","","","","","","","",""
"none","ILES VIERGES DES ETATS-UNIS","VI","","","","","","","","","","","",""
"none","JAMAÿQUE","JM","","","","","","","","","","","",""
"none","JERSEY","JE","","","","","","","","","","","",""
"none","KIRGHIZISTAN","KG","","","","","","","","","","","",""
"none","KIRIBATI","KI","","","","","","","","","","","",""
"none","LESOTHO","LS","","","","","","","","","","","",""
"none","LIBERIA","LR","","","","","","","","","","","",""
"none","LIECHTENSTEIN","LI","","","","","","","","","","","",""
"none","MACAO","MO","","","","","","","","","","","",""
"none","MACEDOINE, L'EX-REPUBLIQUE YOUGOSLAVE DE","MK","","","","","","","","","","","",""
"none","MALAWI","MW","","","","","","","","","","","",""
"none","MALDIVES","MV","","","","","","","","","","","",""
"none","MARIANNES DU NORD, ILES","MP","","","","","","","","","","","",""
"none","MARSHALL, ILES","MH","","","","","","","","","","","",""
"none","MARTINIQUE","MQ","","","","","","","","","","","",""
"none","MAURICE","MU","","","","","","","","","","","",""
"none","MAYOTTE","YT","","","","","","","","","","","",""
"none","MICRONESIE, ETATS FEDERES DE","FK","","","","","","","","","","","",""
"none","MONTENEGRO","ME","","","","","","","","","","","",""
"none","MONTSERRAT","MS","","","","","","","","","","","",""
"none","NAMIBIE","NA","","","","","","","","","","","",""
"none","NAURU","NR","","","","","","","","","","","",""
"none","NEPAL","NP","","","","","","","","","","","",""
"none","NIUE","NU","","","","","","","","","","","",""
"none","NORFOLK, ILE","NF","","","","","","","","","","","",""
"none","NOUVELLE-ZELANDE","NZ","","","","","","","","","","","",""
"none","OCEAN INDIEN, TERRITOIRE BRITANNIQUE DE L'","IO","","","","","","","","","","","",""
"none","PALAOS","PW","","","","","","","","","","","",""
"none","PAPOUASIE-NOUVELLE-GUINEE","PG","","","","","","","","","","","",""
"none","PARAGUAY","PY","","","","","","","","","","","",""
"none","PITCAIRN","PN","","","","","","","","","","","",""
"none","POLYNESIE FRANÄAISE","PF","","","","","","","","","","","",""
"none","PORTO RICO","PR","","","","","","","","","","","",""
"none","REUNION","RE","","","","","","","","","","","",""
"none","SAHARA OCCIDENTAL","EH","","","","","","","","","","","",""
"none","SAINT-BARTHELEMY","BL","","","","","","","","","","","",""
"none","SAINTE-HELENE, ASCENSION ET TRISTAN DA CUNHA","SH","","","","","","","","","","","",""
"none","SAINT-KITTS-ET-NEVIS","KN","","","","","","","","","","","",""
"none","SAINT-MARIN","SM","","","","","","","","","","","",""
"none","SAINT-MARTIN (PARTIE FRANÄAISE)","MF","","","","","","","","","","","",""
"none","SAINT-MARTIN (PARTIE NEERLANDAISE)","SX","","","","","","","","","","","",""
"none","SAINT-PIERRE-ET-MIQUELON","PM","","","","","","","","","","","",""
"none","SAINT-SIEGE (ETAT DE LA CITE DU VATICAN)","VA","","","","","","","","","","","",""
"none","SAINT-VINCENT-ET-LES-GRENADINES","VC","","","","","","","","","","","",""
"none","SALOMON, ILES","SB","","","","","","","","","","","",""
"none","SAMOA","WS","","","","","","","","","","","",""
"none","SAMOA AMERICAINES","AS","","","","","","","","","","","",""
"none","SAO TOME-ET-PRINCIPE","ST","","","","","","","","","","","",""
"none","SIERRA LEONE","SL","","","","","","","","","","","",""
"none","SOMALIE","SO","","","","","","","","","","","",""
"none","SOUDAN DU SUD","SS","","","","","","","","","","","",""
"none","SVALBARD ET ILE JAN MAYEN","SJ","","","","","","","","","","","",""
"none","SWAZILAND","SZ","","","","","","","","","","","",""
"none","TERRES AUSTRALES FRANÄAISES","TF","","","","","","","","","","","",""
"none","TIMOR-LESTE","TL","","","","","","","","","","","",""
"none","TOKELAU","TK","","","","","","","","","","","",""
"none","TONGA","TO","","","","","","","","","","","",""
"none","TRINITE-ET-TOBAGO","TT","","","","","","","","","","","",""
"none","TURKS ET CAÿQUES, ILES","TC","","","","","","","","","","","",""
"none","TUVALU","TV","","","","","","","","","","","",""
"none","WALLIS-ET-FUTUNA","WF","","","","","","","","","","","",""
"none","ZAMBIE","ZM","","","","","","","","","","","",""
"